[
  {
    "name": "crateriamap",
    "location_size": 20,
    "location_border_thickness": 1,
    "img": "images/maps/crateria.png"
  },
  {
    "name": "brinstarmap",
    "location_size": 20,
    "location_border_thickness": 1,
    "img": "images/maps/brinstar.png"
  },
  {
    "name": "norfairmap",
    "location_size": 20,
    "location_border_thickness": 1,
    "img": "images/maps/norfair.png"
  },
  {
    "name": "maridiamap",
    "location_size": 20,
    "location_border_thickness": 1,
    "img": "images/maps/maridia.png"
  },
    {
    "name": "fullmap",
    "location_size": 20,
    "location_border_thickness": 1,
    "img": "images/maps/redesign_map.png"
  }
]